email,subject,messagebvgf@tfhgj,ghjbj,hgkjn
hg@rdf,hghghjk,ghgjh
hg@rdf,hghghjk,ghgjh
hg@rdf,hghghjk,ghgjh
hg@rdf,hghghjk,ghgjh
h@ghj,"m,hkj",jhkjhk
h@ghj,"m,hkj",jhkjhk
h@ghjm,"m,hkj",jhkjhk
jhfgs@fghg,hgjhg,hftfjhm
jh2TGJH@gjhgk,hjh,kjoil
Manu@gmail.com,wish,"good evening
"
mdnfkj@ghskj,ksgckaj,kjdsgdiusk
jsh@gsjhj,jhiu,kjhl
jsh@gsjhj,jhiu,kjhl
bheem@l,kjhj,hu
ghfgf@dytrhf,hbkjn,"jkbkj,"
Manu@gmail.com,wish,sgdkhasldk
Manu@gmail.com,wish,sgdkhasldk
Manu@gmail.com,gjhg,jhgikhkj
